{
    "03:00": {
        "emotions": {
            "sadness": 0.09347826086956522,
            "joy": 0.11760869565217391,
            "fear": 0.08260869565217391,
            "disgust": 0.05054347826086957,
            "anger": 0.022282608695652174
        },
        "sentiment": {
            "score": 0.12499999999999989
        },
        "elements": 23.0
    },
    "03:15": {
        "emotions": {
            "sadness": 0.15642287537026672,
            "joy": 0.11849766461606269,
            "fear": 0.10381578947354729,
            "disgust": 0.09868634654818878,
            "anger": 0.07267629300526333
        },
        "sentiment": {
            "score": -82.38020833309987
        },
        "elements": 1463.0
    },
    "03:30": {
        "emotions": {
            "sadness": 0.14285824384540377,
            "joy": 0.13700727317554195,
            "fear": 0.08878690006564062,
            "disgust": 0.0768483590839052,
            "anger": 0.07829454306378687
        },
        "sentiment": {
            "score": -67.08577546260024
        },
        "elements": 2535.0
    },
    "03:45": {
        "emotions": {
            "sadness": 0.1285869859307354,
            "joy": 0.11732342021406879,
            "fear": 0.07268097643095223,
            "disgust": 0.06952531265032451,
            "anger": 0.06597289862914849
        },
        "sentiment": {
            "score": -73.20114583319977
        },
        "elements": 2772.0
    },
    "04:00": {
        "emotions": {
            "sadness": 0.13391899379421526,
            "joy": 0.1729276789672208,
            "fear": 0.08174077460106367,
            "disgust": 0.06453083444148924,
            "anger": 0.06858128324468066
        },
        "sentiment": {
            "score": 27.985729166899986
        },
        "elements": 1504.0
    },
    "04:15": {
        "emotions": {
            "sadness": 0.15079499371782068,
            "joy": 0.14397418323050049,
            "fear": 0.10274660155359804,
            "disgust": 0.12460532328012315,
            "anger": 0.11320110806559264
        },
        "sentiment": {
            "score": -67.18510416770033
        },
        "elements": 1459.0
    },
    "04:30": {
        "emotions": {
            "sadness": 0.12074657107238156,
            "joy": 0.11653071747736893,
            "fear": 0.04929577098921447,
            "disgust": 0.06531925394844143,
            "anger": 0.05806564318372823
        },
        "sentiment": {
            "score": -28.795312500100053
        },
        "elements": 1604.0
    },
    "04:45": {
        "emotions": {
            "sadness": 0.14161943131693744,
            "joy": 0.13724248319708787,
            "fear": 0.07528545998740992,
            "disgust": 0.07236334278514174,
            "anger": 0.05791439823568993
        },
        "sentiment": {
            "score": -33.22716666579999
        },
        "elements": 2645.0
    },
    "05:00": {
        "emotions": {
            "sadness": 0.14387195121951224,
            "joy": 0.14607723577256096,
            "fear": 0.09524263211371947,
            "disgust": 0.08090828252042678,
            "anger": 0.07283854166676827
        },
        "sentiment": {
            "score": -0.7743749998999978
        },
        "elements": 328.0
    }
}