{
    "03:15": {
        "emotions": {
            "sadness": 0.12036805555555555,
            "joy": 0.1206631944444444,
            "fear": 0.10982638888888888,
            "disgust": 0.10609027777777778,
            "anger": 0.07563194444444445
        },
        "sentiment": {
            "score": -2.3918750000000006
        },
        "elements": 180.0
    },
    "03:30": {
        "emotions": {
            "sadness": 0.15464003164556966,
            "joy": 0.14300435126582273,
            "fear": 0.11903481012658229,
            "disgust": 0.09558214662468356,
            "anger": 0.06843947784810127
        },
        "sentiment": {
            "score": -4.063645833299996
        },
        "elements": 158.0
    },
    "03:45": {
        "emotions": {
            "sadness": 0.19508928571428563,
            "joy": 0.14118861607142852,
            "fear": 0.10495982142857144,
            "disgust": 0.09011383928571427,
            "anger": 0.07663839285714284
        },
        "sentiment": {
            "score": -21.494687500000012
        },
        "elements": 280.0
    },
    "04:00": {
        "emotions": {
            "sadness": 0.08855654761904762,
            "joy": 0.2500111607142857,
            "fear": 0.042738095238095235,
            "disgust": 0.050625,
            "anger": 0.0450297619047619
        },
        "sentiment": {
            "score": 12.6296875
        },
        "elements": 84.0
    },
    "04:15": {
        "emotions": {
            "sadness": 0.012933445189932885,
            "joy": 0.21808724832214763,
            "fear": 0.007019015659731544,
            "disgust": 0.009437919463087249,
            "anger": 0.0077321029080536915
        },
        "sentiment": {
            "score": 30.864583333299997
        },
        "elements": 149.0
    },
    "04:30": {
        "emotions": {
            "sadness": 0.06462686567164178,
            "joy": 0.21430348259253737,
            "fear": 0.058283582089552206,
            "disgust": 0.024253731343283583,
            "anger": 0.05044776119402983
        },
        "sentiment": {
            "score": 9.475000000000001
        },
        "elements": 67.0
    },
    "04:45": {
        "emotions": {
            "sadness": 0.05229315476178572,
            "joy": 0.15688020833321445,
            "fear": 0.03919642857142856,
            "disgust": 0.033540178571428575,
            "anger": 0.024187500000000008
        },
        "sentiment": {
            "score": 26.500000000000014
        },
        "elements": 280.0
    },
    "05:00": {
        "emotions": {
            "sadness": 0.10949074074074074,
            "joy": 0.07363425925925926,
            "fear": 0.09830246913518517,
            "disgust": 0.05702160493888889,
            "anger": 0.03248456790185185
        },
        "sentiment": {
            "score": -2.3383333332999996
        },
        "elements": 54.0
    }
}