{
    "03:00": {
        "emotions": {
            "sadness": 0.0,
            "joy": 0.0,
            "fear": 0.0,
            "disgust": 0.0,
            "anger": 0.0
        },
        "sentiment": {
            "score": 0.0
        },
        "elements": 1.0
    },
    "03:15": {
        "emotions": {
            "sadness": 0.11360294117647061,
            "joy": 0.1570128676470588,
            "fear": 0.07097426470588235,
            "disgust": 0.06363970588235295,
            "anger": 0.058474264705882364
        },
        "sentiment": {
            "score": 3.320625
        },
        "elements": 68.0
    },
    "03:20": {
        "emotions": {
            "sadness": 0.14049674267100984,
            "joy": 0.17269102877296405,
            "fear": 0.0672821661237785,
            "disgust": 0.03575325732899022,
            "anger": 0.11008754071661245
        },
        "sentiment": {
            "score": 4.053020833299969
        },
        "elements": 307.0
    },
    "03:30": {
        "emotions": {
            "sadness": 0.14479704797047985,
            "joy": 0.11668011992619935,
            "fear": 0.07264529520295207,
            "disgust": 0.041206180811808116,
            "anger": 0.09042666051660515
        },
        "sentiment": {
            "score": -16.36937500000003
        },
        "elements": 542.0
    },
    "03:45": {
        "emotions": {
            "sadness": 0.053495833333333354,
            "joy": 0.17811666666666653,
            "fear": 0.01735,
            "disgust": 0.022266666666666667,
            "anger": 0.012883333333333332
        },
        "sentiment": {
            "score": 18.22812499999999
        },
        "elements": 150.0
    },
    "04:00": {
        "emotions": {
            "sadness": 0.06174242424242423,
            "joy": 0.14962121212121213,
            "fear": 0.01818181818181818,
            "disgust": 0.031344696969696974,
            "anger": 0.020549242424242425
        },
        "sentiment": {
            "score": 5.80625
        },
        "elements": 66.0
    },
    "04:15": {
        "emotions": {
            "sadness": 0.09610328638591549,
            "joy": 0.23615404929577455,
            "fear": 0.03026995305211268,
            "disgust": 0.04917253521126761,
            "anger": 0.04252053990563381
        },
        "sentiment": {
            "score": 9.350937499999999
        },
        "elements": 71.0
    },
    "04:30": {
        "emotions": {
            "sadness": 0.148578431372549,
            "joy": 0.15404411764705872,
            "fear": 0.07669117647058826,
            "disgust": 0.12528186274509803,
            "anger": 0.07128676470588238
        },
        "sentiment": {
            "score": -0.11499999999999264
        },
        "elements": 204.0
    },
    "04:45": {
        "emotions": {
            "sadness": 0.0793882978723404,
            "joy": 0.14319148936170215,
            "fear": 0.045877659574468085,
            "disgust": 0.04361702127659574,
            "anger": 0.04288563829787234
        },
        "sentiment": {
            "score": 2.884375
        },
        "elements": 47.0
    }
}